workload,profile,allocator,evidence_recall,evidence_missing,must_survive_retention,starvation,utilization,leakage,overflow,mismatch_overflow,failed_closed
cross_tenant,32k,fixed_quota,1.0,,1.0,,0.0341,0,False,False,False
cross_tenant,32k,waterfill,1.0,,1.0,,0.0341,0,False,False,False
cross_tenant,32k,utility,1.0,,1.0,,0.0341,0,False,False,False
cross_tenant,32k,recency,1.0,,1.0,,0.0341,0,False,False,False
cross_tenant,64k,fixed_quota,1.0,,1.0,,0.0171,0,False,False,False
cross_tenant,64k,waterfill,1.0,,1.0,,0.0171,0,False,False,False
cross_tenant,64k,utility,1.0,,1.0,,0.0171,0,False,False,False
cross_tenant,64k,recency,1.0,,1.0,,0.0171,0,False,False,False
cross_tenant,128k,fixed_quota,1.0,,1.0,,0.008,0,False,False,False
cross_tenant,128k,waterfill,1.0,,1.0,,0.008,0,False,False,False
cross_tenant,128k,utility,1.0,,1.0,,0.008,0,False,False,False
cross_tenant,128k,recency,1.0,,1.0,,0.008,0,False,False,False
cross_tenant,256k,fixed_quota,1.0,,1.0,,0.0039,0,False,False,False
cross_tenant,256k,waterfill,1.0,,1.0,,0.0039,0,False,False,False
cross_tenant,256k,utility,1.0,,1.0,,0.0039,0,False,False,False
cross_tenant,256k,recency,1.0,,1.0,,0.0039,0,False,False,False
early_history,32k,fixed_quota,1.0,,1.0,,0.9816,0,False,False,False
early_history,32k,waterfill,1.0,,1.0,,0.491,0,False,False,False
early_history,32k,utility,1.0,,1.0,,0.491,0,False,False,False
early_history,32k,recency,0.0,hist_0000,1.0,,0.9816,0,False,False,False
early_history,64k,fixed_quota,1.0,,1.0,,0.9813,0,False,False,False
early_history,64k,waterfill,1.0,,1.0,,0.4908,0,False,False,False
early_history,64k,utility,1.0,,1.0,,0.4908,0,False,False,False
early_history,64k,recency,0.0,hist_0000,1.0,,0.9813,0,False,False,False
early_history,128k,fixed_quota,1.0,,1.0,,0.5448,0,False,False,False
early_history,128k,waterfill,1.0,,1.0,,0.4978,0,False,False,False
early_history,128k,utility,1.0,,1.0,,0.4978,0,False,False,False
early_history,128k,recency,1.0,,1.0,,0.5448,0,False,False,False
early_history,256k,fixed_quota,1.0,,1.0,,0.2701,0,False,False,False
early_history,256k,waterfill,1.0,,1.0,,0.2701,0,False,False,False
early_history,256k,utility,1.0,,1.0,,0.2701,0,False,False,False
early_history,256k,recency,1.0,,1.0,,0.2701,0,False,False,False
fits_all,32k,fixed_quota,1.0,,1.0,,0.0467,0,False,False,False
fits_all,32k,waterfill,1.0,,1.0,,0.0467,0,False,False,False
fits_all,32k,utility,1.0,,1.0,,0.0467,0,False,False,False
fits_all,32k,recency,1.0,,1.0,,0.0467,0,False,False,False
fits_all,64k,fixed_quota,1.0,,1.0,,0.0234,0,False,False,False
fits_all,64k,waterfill,1.0,,1.0,,0.0234,0,False,False,False
fits_all,64k,utility,1.0,,1.0,,0.0234,0,False,False,False
fits_all,64k,recency,1.0,,1.0,,0.0234,0,False,False,False
fits_all,128k,fixed_quota,1.0,,1.0,,0.0109,0,False,False,False
fits_all,128k,waterfill,1.0,,1.0,,0.0109,0,False,False,False
fits_all,128k,utility,1.0,,1.0,,0.0109,0,False,False,False
fits_all,128k,recency,1.0,,1.0,,0.0109,0,False,False,False
fits_all,256k,fixed_quota,1.0,,1.0,,0.0054,0,False,False,False
fits_all,256k,waterfill,1.0,,1.0,,0.0054,0,False,False,False
fits_all,256k,utility,1.0,,1.0,,0.0054,0,False,False,False
fits_all,256k,recency,1.0,,1.0,,0.0054,0,False,False,False
history_heavy,32k,fixed_quota,1.0,,1.0,,0.9698,0,False,False,False
history_heavy,32k,waterfill,1.0,,1.0,,0.5142,0,False,False,False
history_heavy,32k,utility,1.0,,1.0,,0.5142,0,False,False,False
history_heavy,32k,recency,1.0,,1.0,rag,0.9912,0,False,False,False
history_heavy,64k,fixed_quota,1.0,,1.0,,0.9911,0,False,False,False
history_heavy,64k,waterfill,1.0,,1.0,,0.4976,0,False,False,False
history_heavy,64k,utility,1.0,,1.0,,0.4976,0,False,False,False
history_heavy,64k,recency,1.0,,1.0,,0.9911,0,False,False,False
history_heavy,128k,fixed_quota,1.0,,1.0,,0.7156,0,False,False,False
history_heavy,128k,waterfill,1.0,,1.0,,0.4974,0,False,False,False
history_heavy,128k,utility,1.0,,1.0,,0.4974,0,False,False,False
history_heavy,128k,recency,1.0,,1.0,,0.7156,0,False,False,False
history_heavy,256k,fixed_quota,1.0,,1.0,,0.3548,0,False,False,False
history_heavy,256k,waterfill,1.0,,1.0,,0.3548,0,False,False,False
history_heavy,256k,utility,1.0,,1.0,,0.3548,0,False,False,False
history_heavy,256k,recency,1.0,,1.0,,0.3548,0,False,False,False
huge_mixed,32k,fixed_quota,1.0,,1.0,,0.9951,0,False,False,False
huge_mixed,32k,waterfill,1.0,,1.0,,0.9951,0,False,False,False
huge_mixed,32k,utility,1.0,,1.0,,0.995,0,False,False,False
huge_mixed,32k,recency,0.0,rag_sla_p1,1.0,"history,rag,memory",0.9944,0,False,False,False
huge_mixed,64k,fixed_quota,1.0,,1.0,,0.9966,0,False,False,False
huge_mixed,64k,waterfill,1.0,,1.0,,0.9965,0,False,False,False
huge_mixed,64k,utility,1.0,,1.0,,0.9964,0,False,False,False
huge_mixed,64k,recency,0.0,rag_sla_p1,1.0,"history,rag,memory",0.997,0,False,False,False
huge_mixed,128k,fixed_quota,1.0,,1.0,,0.9974,0,False,False,False
huge_mixed,128k,waterfill,1.0,,1.0,,0.9973,0,False,False,False
huge_mixed,128k,utility,1.0,,1.0,,0.9972,0,False,False,False
huge_mixed,128k,recency,0.0,rag_sla_p1,1.0,"rag,memory",0.9926,0,False,False,False
huge_mixed,256k,fixed_quota,1.0,,1.0,,0.9939,0,False,False,False
huge_mixed,256k,waterfill,1.0,,1.0,,0.9938,0,False,False,False
huge_mixed,256k,utility,1.0,,1.0,,0.9976,0,False,False,False
huge_mixed,256k,recency,1.0,,1.0,,0.9962,0,False,False,False
knowledge_vs_recency,32k,fixed_quota,1.0,,1.0,,0.9752,0,False,False,False
knowledge_vs_recency,32k,waterfill,1.0,,1.0,,0.4888,0,False,False,False
knowledge_vs_recency,32k,utility,1.0,,1.0,,0.4888,0,False,False,False
knowledge_vs_recency,32k,recency,1.0,,1.0,,0.9752,0,False,False,False
knowledge_vs_recency,64k,fixed_quota,1.0,,1.0,,0.9901,0,False,False,False
knowledge_vs_recency,64k,waterfill,1.0,,1.0,,0.5038,0,False,False,False
knowledge_vs_recency,64k,utility,1.0,,1.0,,0.5038,0,False,False,False
knowledge_vs_recency,64k,recency,1.0,,1.0,,0.9901,0,False,False,False
knowledge_vs_recency,128k,fixed_quota,1.0,,1.0,,0.537,0,False,False,False
knowledge_vs_recency,128k,waterfill,1.0,,1.0,,0.4992,0,False,False,False
knowledge_vs_recency,128k,utility,1.0,,1.0,,0.4992,0,False,False,False
knowledge_vs_recency,128k,recency,1.0,,1.0,,0.537,0,False,False,False
knowledge_vs_recency,256k,fixed_quota,1.0,,1.0,,0.2663,0,False,False,False
knowledge_vs_recency,256k,waterfill,1.0,,1.0,,0.2663,0,False,False,False
knowledge_vs_recency,256k,utility,1.0,,1.0,,0.2663,0,False,False,False
knowledge_vs_recency,256k,recency,1.0,,1.0,,0.2663,0,False,False,False
memory_heavy,32k,fixed_quota,1.0,,1.0,,0.9733,0,False,False,False
memory_heavy,32k,waterfill,1.0,,1.0,,0.3211,0,False,False,False
memory_heavy,32k,utility,1.0,,1.0,,0.3211,0,False,False,False
memory_heavy,32k,recency,1.0,,1.0,,0.9733,0,False,False,False
memory_heavy,64k,fixed_quota,1.0,,1.0,,0.9884,0,False,False,False
memory_heavy,64k,waterfill,1.0,,1.0,,0.286,0,False,False,False
memory_heavy,64k,utility,1.0,,1.0,,0.286,0,False,False,False
memory_heavy,64k,recency,1.0,,1.0,,0.9884,0,False,False,False
memory_heavy,128k,fixed_quota,1.0,,1.0,,0.4841,0,False,False,False
memory_heavy,128k,waterfill,1.0,,1.0,,0.2736,0,False,False,False
memory_heavy,128k,utility,1.0,,1.0,,0.2736,0,False,False,False
memory_heavy,128k,recency,1.0,,1.0,,0.4841,0,False,False,False
memory_heavy,256k,fixed_quota,1.0,,1.0,,0.24,0,False,False,False
memory_heavy,256k,waterfill,1.0,,1.0,,0.24,0,False,False,False
memory_heavy,256k,utility,1.0,,1.0,,0.24,0,False,False,False
memory_heavy,256k,recency,1.0,,1.0,,0.24,0,False,False,False
mixed_overflow,32k,fixed_quota,1.0,,1.0,,0.9942,0,False,False,False
mixed_overflow,32k,waterfill,1.0,,1.0,,0.9942,0,False,False,False
mixed_overflow,32k,utility,1.0,,1.0,,0.994,0,False,False,False
mixed_overflow,32k,recency,0.0,rag_sla_p1,1.0,"history,rag",0.9701,0,False,False,False
mixed_overflow,64k,fixed_quota,1.0,,1.0,,0.9957,0,False,False,False
mixed_overflow,64k,waterfill,1.0,,1.0,,0.9957,0,False,False,False
mixed_overflow,64k,utility,1.0,,1.0,,0.9955,0,False,False,False
mixed_overflow,64k,recency,0.0,rag_sla_p1,1.0,rag,0.9876,0,False,False,False
mixed_overflow,128k,fixed_quota,1.0,,1.0,,0.9623,0,False,False,False
mixed_overflow,128k,waterfill,1.0,,1.0,,0.9623,0,False,False,False
mixed_overflow,128k,utility,1.0,,1.0,,0.9515,0,False,False,False
mixed_overflow,128k,recency,1.0,,1.0,,0.9623,0,False,False,False
mixed_overflow,256k,fixed_quota,1.0,,1.0,,0.4771,0,False,False,False
mixed_overflow,256k,waterfill,1.0,,1.0,,0.4771,0,False,False,False
mixed_overflow,256k,utility,1.0,,1.0,,0.4771,0,False,False,False
mixed_overflow,256k,recency,1.0,,1.0,,0.4771,0,False,False,False
multiplayer_heavy,32k,fixed_quota,1.0,,1.0,,0.9813,0,False,False,False
multiplayer_heavy,32k,waterfill,1.0,,1.0,,0.4087,0,False,False,False
multiplayer_heavy,32k,utility,1.0,,1.0,,0.4087,0,False,False,False
multiplayer_heavy,32k,recency,0.0,agent_rate_limit,1.0,history,0.9485,0,False,False,False
multiplayer_heavy,64k,fixed_quota,1.0,,1.0,,0.9774,0,False,False,False
multiplayer_heavy,64k,waterfill,1.0,,1.0,,0.3475,0,False,False,False
multiplayer_heavy,64k,utility,1.0,,1.0,,0.3475,0,False,False,False
multiplayer_heavy,64k,recency,1.0,,1.0,history,0.9906,0,False,False,False
multiplayer_heavy,128k,fixed_quota,1.0,,1.0,,0.4956,0,False,False,False
multiplayer_heavy,128k,waterfill,1.0,,1.0,,0.3221,0,False,False,False
multiplayer_heavy,128k,utility,1.0,,1.0,,0.3221,0,False,False,False
multiplayer_heavy,128k,recency,1.0,,1.0,,0.4956,0,False,False,False
multiplayer_heavy,256k,fixed_quota,1.0,,1.0,,0.2457,0,False,False,False
multiplayer_heavy,256k,waterfill,1.0,,1.0,,0.2457,0,False,False,False
multiplayer_heavy,256k,utility,1.0,,1.0,,0.2457,0,False,False,False
multiplayer_heavy,256k,recency,1.0,,1.0,,0.2457,0,False,False,False
needle_rag,32k,fixed_quota,0.0,rag_cutoff_needle,1.0,,0.9833,0,False,False,False
needle_rag,32k,waterfill,0.0,rag_cutoff_needle,1.0,,0.9216,0,False,False,False
needle_rag,32k,utility,0.0,rag_cutoff_needle,1.0,,0.9216,0,False,False,False
needle_rag,32k,recency,0.0,rag_cutoff_needle,1.0,,0.9833,0,False,False,False
needle_rag,64k,fixed_quota,1.0,,1.0,,0.9752,0,False,False,False
needle_rag,64k,waterfill,1.0,,1.0,,0.7334,0,False,False,False
needle_rag,64k,utility,1.0,,1.0,,0.7334,0,False,False,False
needle_rag,64k,recency,1.0,,1.0,,0.9752,0,False,False,False
needle_rag,128k,fixed_quota,1.0,,1.0,,0.6423,0,False,False,False
needle_rag,128k,waterfill,1.0,,1.0,,0.5797,0,False,False,False
needle_rag,128k,utility,1.0,,1.0,,0.5797,0,False,False,False
needle_rag,128k,recency,1.0,,1.0,,0.6423,0,False,False,False
needle_rag,256k,fixed_quota,1.0,,1.0,,0.3185,0,False,False,False
needle_rag,256k,waterfill,1.0,,1.0,,0.3185,0,False,False,False
needle_rag,256k,utility,1.0,,1.0,,0.3185,0,False,False,False
needle_rag,256k,recency,1.0,,1.0,,0.3185,0,False,False,False
oversized_user,32k,fixed_quota,0.0,rag_billing_retry,1.0,"history,rag",0.996,0,False,False,False
oversized_user,32k,waterfill,0.0,rag_billing_retry,1.0,"history,rag",0.996,0,False,False,False
oversized_user,32k,utility,0.0,rag_billing_retry,1.0,"history,rag",0.996,0,False,False,False
oversized_user,32k,recency,0.0,rag_billing_retry,1.0,"history,rag",0.996,0,False,False,False
oversized_user,64k,fixed_quota,1.0,,1.0,,0.8605,0,False,False,False
oversized_user,64k,waterfill,1.0,,1.0,,0.8605,0,False,False,False
oversized_user,64k,utility,1.0,,1.0,,0.8605,0,False,False,False
oversized_user,64k,recency,1.0,,1.0,,0.8605,0,False,False,False
oversized_user,128k,fixed_quota,1.0,,1.0,,0.4011,0,False,False,False
oversized_user,128k,waterfill,1.0,,1.0,,0.4011,0,False,False,False
oversized_user,128k,utility,1.0,,1.0,,0.4011,0,False,False,False
oversized_user,128k,recency,1.0,,1.0,,0.4011,0,False,False,False
oversized_user,256k,fixed_quota,1.0,,1.0,,0.1988,0,False,False,False
oversized_user,256k,waterfill,1.0,,1.0,,0.1988,0,False,False,False
oversized_user,256k,utility,1.0,,1.0,,0.1988,0,False,False,False
oversized_user,256k,recency,1.0,,1.0,,0.1988,0,False,False,False
policy_pressure,32k,fixed_quota,1.0,,1.0,,0.9944,0,False,False,False
policy_pressure,32k,waterfill,1.0,,1.0,,0.9947,0,False,False,False
policy_pressure,32k,utility,1.0,,1.0,,0.9944,0,False,False,False
policy_pressure,32k,recency,1.0,,1.0,rag,0.9618,0,False,False,False
policy_pressure,64k,fixed_quota,1.0,,1.0,,0.996,0,False,False,False
policy_pressure,64k,waterfill,1.0,,1.0,,0.9963,0,False,False,False
policy_pressure,64k,utility,1.0,,1.0,,0.9959,0,False,False,False
policy_pressure,64k,recency,1.0,,1.0,rag,0.9843,0,False,False,False
policy_pressure,128k,fixed_quota,1.0,,1.0,,0.9878,0,False,False,False
policy_pressure,128k,waterfill,1.0,,1.0,,0.9896,0,False,False,False
policy_pressure,128k,utility,1.0,,1.0,,0.997,0,False,False,False
policy_pressure,128k,recency,1.0,,1.0,,0.9896,0,False,False,False
policy_pressure,256k,fixed_quota,1.0,,1.0,,0.4968,0,False,False,False
policy_pressure,256k,waterfill,1.0,,1.0,,0.4968,0,False,False,False
policy_pressure,256k,utility,1.0,,1.0,,0.4938,0,False,False,False
policy_pressure,256k,recency,1.0,,1.0,,0.4968,0,False,False,False
protected_pressure,32k,fixed_quota,1.0,,1.0,"history,rag",0.996,0,False,False,False
protected_pressure,32k,waterfill,1.0,,1.0,"history,rag",0.996,0,False,False,False
protected_pressure,32k,utility,1.0,,1.0,"history,rag",0.996,0,False,False,False
protected_pressure,32k,recency,1.0,,1.0,"history,rag",0.996,0,False,False,False
protected_pressure,64k,fixed_quota,1.0,,1.0,,0.9768,0,False,False,False
protected_pressure,64k,waterfill,1.0,,1.0,,0.9624,0,False,False,False
protected_pressure,64k,utility,1.0,,1.0,,0.9624,0,False,False,False
protected_pressure,64k,recency,1.0,,1.0,,0.9768,0,False,False,False
protected_pressure,128k,fixed_quota,1.0,,1.0,,0.5055,0,False,False,False
protected_pressure,128k,waterfill,1.0,,1.0,,0.5055,0,False,False,False
protected_pressure,128k,utility,1.0,,1.0,,0.5055,0,False,False,False
protected_pressure,128k,recency,1.0,,1.0,,0.5055,0,False,False,False
protected_pressure,256k,fixed_quota,1.0,,1.0,,0.2506,0,False,False,False
protected_pressure,256k,waterfill,1.0,,1.0,,0.2506,0,False,False,False
protected_pressure,256k,utility,1.0,,1.0,,0.2506,0,False,False,False
protected_pressure,256k,recency,1.0,,1.0,,0.2506,0,False,False,False
retrieval_heavy,32k,fixed_quota,1.0,,1.0,,0.9482,0,False,False,False
retrieval_heavy,32k,waterfill,1.0,,1.0,,0.4327,0,False,False,False
retrieval_heavy,32k,utility,1.0,,1.0,,0.4327,0,False,False,False
retrieval_heavy,32k,recency,1.0,,1.0,,0.9482,0,False,False,False
retrieval_heavy,64k,fixed_quota,1.0,,1.0,,0.9896,0,False,False,False
retrieval_heavy,64k,waterfill,1.0,,1.0,,0.4455,0,False,False,False
retrieval_heavy,64k,utility,1.0,,1.0,,0.4455,0,False,False,False
retrieval_heavy,64k,recency,1.0,,1.0,,0.9896,0,False,False,False
retrieval_heavy,128k,fixed_quota,1.0,,1.0,,0.6748,0,False,False,False
retrieval_heavy,128k,waterfill,1.0,,1.0,,0.4479,0,False,False,False
retrieval_heavy,128k,utility,1.0,,1.0,,0.4479,0,False,False,False
retrieval_heavy,128k,recency,1.0,,1.0,,0.6748,0,False,False,False
retrieval_heavy,256k,fixed_quota,1.0,,1.0,,0.3346,0,False,False,False
retrieval_heavy,256k,waterfill,1.0,,1.0,,0.3346,0,False,False,False
retrieval_heavy,256k,utility,1.0,,1.0,,0.3346,0,False,False,False
retrieval_heavy,256k,recency,1.0,,1.0,,0.3346,0,False,False,False
tool_bomb,32k,fixed_quota,1.0,,1.0,,0.2331,0,False,False,False
tool_bomb,32k,waterfill,1.0,,1.0,,0.4264,0,False,False,False
tool_bomb,32k,utility,1.0,,1.0,,0.1171,0,False,False,False
tool_bomb,32k,recency,0.0,rag_billing_retry,1.0,"history,rag,memory",0.9961,0,False,False,False
tool_bomb,64k,fixed_quota,1.0,,1.0,,0.2165,0,False,False,False
tool_bomb,64k,waterfill,1.0,,1.0,,0.4132,0,False,False,False
tool_bomb,64k,utility,1.0,,1.0,,0.0985,0,False,False,False
tool_bomb,64k,recency,1.0,,1.0,,0.9967,0,False,False,False
tool_bomb,128k,fixed_quota,1.0,,1.0,,0.2077,0,False,False,False
tool_bomb,128k,waterfill,1.0,,1.0,,0.4061,0,False,False,False
tool_bomb,128k,utility,1.0,,1.0,,0.0886,0,False,False,False
tool_bomb,128k,recency,1.0,,1.0,,0.4646,0,False,False,False
tool_bomb,256k,fixed_quota,1.0,,1.0,,0.2038,0,False,False,False
tool_bomb,256k,waterfill,1.0,,1.0,,0.2303,0,False,False,False
tool_bomb,256k,utility,1.0,,1.0,,0.0843,0,False,False,False
tool_bomb,256k,recency,1.0,,1.0,,0.2303,0,False,False,False
tool_heavy,32k,fixed_quota,0.0,toolres_inc2044,1.0,,0.9953,0,False,False,False
tool_heavy,32k,waterfill,0.0,toolres_inc2044,1.0,,0.5335,0,False,False,False
tool_heavy,32k,utility,0.0,toolres_inc2044,1.0,,0.5336,0,False,False,False
tool_heavy,32k,recency,0.0,toolres_inc2044,1.0,history,0.9958,0,False,False,False
tool_heavy,64k,fixed_quota,1.0,,1.0,,0.9974,0,False,False,False
tool_heavy,64k,waterfill,0.0,toolres_inc2044,1.0,,0.4667,0,False,False,False
tool_heavy,64k,utility,0.0,toolres_inc2044,1.0,,0.4667,0,False,False,False
tool_heavy,64k,recency,1.0,,1.0,history,0.9977,0,False,False,False
tool_heavy,128k,fixed_quota,1.0,,1.0,,0.5246,0,False,False,False
tool_heavy,128k,waterfill,1.0,,1.0,,0.431,0,False,False,False
tool_heavy,128k,utility,1.0,,1.0,,0.431,0,False,False,False
tool_heavy,128k,recency,1.0,,1.0,,0.5298,0,False,False,False
tool_heavy,256k,fixed_quota,1.0,,1.0,,0.2594,0,False,False,False
tool_heavy,256k,waterfill,1.0,,1.0,,0.2627,0,False,False,False
tool_heavy,256k,utility,1.0,,1.0,,0.2558,0,False,False,False
tool_heavy,256k,recency,1.0,,1.0,,0.2627,0,False,False,False
