allocator,profile,n,mean_evidence_recall,mean_must_survive,mean_protected_retention,mean_utilization,mean_starved_classes,sum_leakage,overflow_count,mismatch_overflow_count,failed_closed_count,mean_allocate_ms,mean_cost_usd
fixed_quota,128k,16,1.0,1.0,1.0,0.5437,0.0,0,0,0,0,1.0417,0.009855
fixed_quota,256k,16,1.0,1.0,1.0,0.3075,0.0,0,0,0,0,1.2889,0.011241
fixed_quota,32k,16,0.8125,1.0,1.0,0.8186,0.25,0,0,0,0,2.2913,0.003458
fixed_quota,64k,16,1.0,1.0,1.0,0.8108,0.0,0,0,0,0,1.0435,0.00685
recency,128k,16,0.9375,1.0,1.0,0.5599,0.125,0,0,0,0,0.0643,0.010148
recency,256k,16,1.0,1.0,1.0,0.3095,0.0,0,0,0,0,0.0649,0.011314
recency,32k,16,0.5,1.0,1.0,0.862,1.0,0,0,0,0,2.4031,0.003641
recency,64k,16,0.8125,1.0,1.0,0.8592,0.4375,0,0,0,0,0.1557,0.007258
utility,128k,16,1.0,1.0,1.0,0.4693,0.0,0,0,0,0,1.0042,0.008506
utility,256k,16,1.0,1.0,1.0,0.2998,0.0,0,0,0,0,0.9929,0.010961
utility,32k,16,0.8125,1.0,1.0,0.5803,0.25,0,0,0,0,2.3203,0.002451
utility,64k,16,0.9375,1.0,1.0,0.5451,0.0,0,0,0,0,0.8298,0.004605
waterfill,128k,16,1.0,1.0,1.0,0.4893,0.0,0,0,0,0,1.346,0.008869
waterfill,256k,16,1.0,1.0,1.0,0.3093,0.0,0,0,0,0,0.084,0.011309
waterfill,32k,16,0.8125,1.0,1.0,0.5997,0.25,0,0,0,0,2.2979,0.002533
waterfill,64k,16,0.9375,1.0,1.0,0.5648,0.0,0,0,0,0,1.0243,0.004771
